AET_mm,DTR_C,FacilityName,P95_threshold_mm,PET_mm,P_mean_mm,P_total_mm,T_max_C,T_mean_C,T_min_C,VPD_kPa,deficit_mm,dewpoint_C,elevation_m,heavy_days_per_year,hot_days_per_year,lat,lon,runoff_mm,soil_moisture_mm,wetday_frac,wind_speed_ms,start_date,end_date,buffer_m,scale_m,extraction_date,climate_k
262.045652625026,11.569720983505247,AL-Baqea Comprehensive Center,8.20147644718991,1345.6145811717506,1.150199511886146,2134.7703279605807,25.21139217738448,19.22571745494281,13.641671193879231,13.514525835235524,1083.567752645777,8.638699489900546,886.1906779661016,17.848118401489522,42.30988011853448,32.04121313,35.71074843,4.529639620944871,138.50923428097116,0.0911947111887094,1.425282996605589,2019-01-01,2024-01-31,2500,5000,2026-02-11,2
162.02631216420997,12.718597088852194,AL-Mafraq Hospital,2.5532702758532615,1388.5076456812235,0.4584639931426329,850.9091860996724,24.26619233710634,17.801452907278993,11.54759524825415,15.122978371676538,1226.509574321532,7.933018476924306,702.6068376068376,18.43874001648073,32.47698790884888,32.34492,36.20438,0.8389585342333655,33.879322220691556,0.0589548319327731,2.8286851961508788,2019-01-01,2024-01-31,2500,5000,2026-02-11,1
222.88705195887744,10.34734509570915,AL-Nadeem Hospital,6.658820895825402,1374.6982495137538,0.9838378750166652,1826.0030827923572,23.786500700156942,18.555345026888546,13.439155604447764,14.537149208113366,1151.819324812448,7.49514180407684,776.2875536480686,18.088015757415256,16.36860360123831,31.71618472,35.7775367,1.9715893303695473,86.57842456237843,0.079458284628872,2.0046390246453476,2019-01-01,2024-01-31,2500,5000,2026-02-11,0
254.573331381733,12.632704190946566,AL-Ramtha Hospital,4.302786386438778,1378.7540251756438,0.8341281677463224,1548.1418924785528,25.667267843141374,19.034553616740045,13.034563652194793,14.622445843091336,1124.147175058548,9.761141965973003,518.6822033898305,18.225051143251616,48.03963589372306,32.5667,36.01693,2.8311621779859486,117.71962822014054,0.067457377616995,2.254232381182955,2019-01-01,2024-01-31,2500,5000,2026-02-11,5
112.33235252907384,11.153082000798191,AL-Shuneh Hospital,,1556.2676194479473,,,28.38092474773015,22.59797481915001,17.22784274693197,21.372278268179908,1443.9134790528233,12.1309374140597,-211.06250000000003,,100.75655172413794,31.8915,35.6178,0.6281350707580216,4.388538601653355,,1.3669104664780176,2019-01-01,2024-01-31,2500,5000,2026-02-11,4
158.06987249544625,12.672491804320238,AL-Zarqa Hospital,1.6741130367914836,1402.1712204007283,0.4782275047567155,887.5902612098569,25.166207597995633,18.873279422580783,12.493715793675417,15.362418943533696,1244.1080510018217,8.236495312804422,617.6864406779661,18.115188362068963,42.361482866379305,32.07275,36.08796,0.8069216757741348,21.292750455373405,0.0530603448275862,2.8419732921889898,2019-01-01,2024-01-31,2500,5000,2026-02-11,1
218.99749930536265,11.866943556686929,Abu Alanda CC,3.6143592656668977,1352.2429146985276,0.5652318465507638,1049.0703227888373,24.7162692349533,18.735909624483213,12.849325678266323,14.257772992497918,1133.2543067518754,7.505161671255166,912.4255319148936,18.539965994392897,33.847904094827584,31.90052,35.9686,1.8467629897193665,60.96360100027786,0.0611941116306253,2.611625172401661,2019-01-01,2024-01-31,2500,5000,2026-02-11,5
231.44482834668824,10.260503530428585,Ader Primary Center,5.314150138820768,1361.7304271116664,0.603202861788027,1119.5444898467376,23.210617610647702,18.10775280568868,12.95011408021911,14.758163640373448,1130.3015511284275,6.7050562658269115,940.7662337662338,18.018211122332612,12.300707455881785,31.20217,35.76155,3.1504079982356834,117.63750643240462,0.0701759896397093,2.025483045290717,2019-01-01,2024-01-31,2500,5000,2026-02-11,7
236.48740844087897,10.393231646767978,Adnaniyyeh Primary Center,5.5136890695450145,1344.3665155214508,0.6919149497722057,1284.1941431762027,23.13412801643898,17.987554899029192,12.74089636967102,14.3684269271015,1107.885873735612,6.438956460185409,1111.8362831858408,18.46310216434336,13.184939385775865,31.12159121,35.69436754,3.851900941750959,130.88636205092428,0.0724642333088774,1.8834828961024577,2019-01-01,2024-01-31,2500,5000,2026-02-11,7
232.32974437343705,11.709088350896035,Ain Al-Basha Comprehensive Center,6.488333599042084,1354.8419005279245,0.9083625755067598,1685.9209055029442,23.910308623251225,17.892403894977477,12.20122027235516,14.24752709085857,1122.4750625173658,6.893006603420091,816.1181434599156,18.57248639889867,24.69883029387054,32.05726,35.83109,2.5295220894692965,92.89795776604612,0.0811728338690824,1.77013402728607,2019-01-01,2024-01-31,2500,5000,2026-02-11,0
304.5440832070533,11.781152845707124,Ajloun Comprehensive Center,8.659087545731488,1316.4034991045598,1.4848980202394373,2755.9706682645788,24.60185022195919,18.422640905320073,12.820697376252063,12.868797355007576,1011.8648574183773,8.901499232916068,989.6127659574468,18.532173990555275,33.63126957086714,32.33326,35.75279,8.145267943242871,276.7112549938008,0.0946962836858881,1.6017468142757283,2019-01-01,2024-01-31,2500,5000,2026-02-11,2
266.2357741347906,11.569720983505247,Al Hussain New Salt Hospital,7.837615432739258,1327.2762112932603,1.0907737816704643,2024.476146870116,25.21139217738448,19.22571745494281,13.641671193879231,13.232109289617489,1061.0505646630238,8.638699489900546,872.8227848101266,18.05483938577586,42.30988011853448,32.03917,35.72722,5.497777777777777,144.20663023679415,0.0876101532567049,1.425282996605589,2019-01-01,2024-01-31,2500,5000,2026-02-11,2
245.2554995095979,11.694424910071747,Al Saro Primary Center,7.056801345613268,1338.748984167017,1.0194595188666613,1892.1169002040645,23.811656254018775,17.787099523037853,12.117231343947012,13.82377049180328,1093.4655317360234,6.765873017757484,824.1739130434783,18.33596335170756,23.37765946203581,32.05479834,35.79157216,3.608799215356592,111.67689505394424,0.0815995247568523,1.6902886664084724,2019-01-01,2024-01-31,2500,5000,2026-02-11,0
222.4979855515421,11.883142274106056,Al-Aal Primary Center,3.948930055408154,1346.177966101695,0.5830638618287393,1082.1665374379131,24.63897650091364,18.64460457547368,12.755834226807549,14.094762434009448,1123.6674770769655,7.509108619534095,854.9563318777292,18.296479888862507,33.19916371776373,31.93,35.95,2.0698110586273963,61.97596554598499,0.0634360388661601,2.529461565605929,2019-01-01,2024-01-31,2500,5000,2026-02-11,5
199.9574600539531,11.846545011841467,Al-Awdeh Primary Center,3.8127334469984353,1375.4821885591753,0.5749789949207869,1067.1609812999538,24.743964988183208,18.77818340801786,12.897419976341691,14.6262986788407,1175.509165110327,7.545058705429013,834.4661016949153,18.615350846382587,34.03057848646879,31.8615,36.0054,1.1485093726222593,50.89216296603721,0.0603993889131383,2.6204782513209133,2019-01-01,2024-01-31,2500,5000,2026-02-11,5
250.00203166596617,11.745125519853408,Al-Azaideh Primary Center,7.226885176112509,1337.0382513661204,1.0500254141978729,1948.8472188427645,23.920815138643995,17.869970759894272,12.17568961879057,13.70386016533558,1087.0244500490403,6.89434039599999,822.9644444444446,18.191314188909153,24.706413399370028,32.05992254,35.77838141,3.903110550651534,119.38762785484096,0.0805702917771883,1.6808218860849435,2019-01-01,2024-01-31,2500,5000,2026-02-11,0
220.511530980828,11.960187737179526,Al-Basheer Hospital,4.342193415609457,1347.6082939705475,0.6032049105329029,1119.5482910157384,24.49398311502683,18.461664432195462,12.53379537784728,14.06419144206724,1127.1197554876353,7.530036447444541,808.8133333333333,17.94709400455691,32.04510628607174,31.95886,35.94549,2.0815504306751875,57.55376493470408,0.0657304755990648,2.4303749381371857,2019-01-01,2024-01-31,2500,5000,2026-02-11,5
305.3932351110189,12.32622138513465,Al-Farooq Comprehensive Center,7.503483120399185,1333.2800719374698,1.2620164306857915,2342.3025156889803,25.26295037803113,18.760526494968666,12.936728992896498,13.456221899425884,1027.8757003527703,9.460333181316932,548.8523206751054,17.91952748185836,40.47566315882802,32.56329752,35.85031545,5.431970671646953,250.3974545203016,0.0870162229012076,1.9823726090030929,2019-01-01,2024-01-31,2500,5000,2026-02-11,2
201.99148666713575,9.43885456282517,Al-Hamaydeh Primary Center,6.260451419159067,1376.9971153169636,0.8192376366500691,1520.5050377928544,23.417881337527604,18.714959789418344,13.979026774702447,14.818461971434605,1174.9739674945472,8.031207328006815,711.5947136563877,17.935774312749743,12.791359105603448,31.62228554,35.7962169,1.2641243931611903,74.83726166185886,0.0746864362882936,2.069103489704503,2019-01-01,2024-01-31,2500,5000,2026-02-11,6
303.4981939427618,11.826880609410884,Al-Iman Hospital,9.039192236075966,1317.9419283134202,1.548179912365089,2873.4218441350363,24.709251335097793,18.52717171400474,12.8823707256869,12.883009169213672,1014.4638788552376,8.902179209837294,992.8686440677964,18.8584991872443,34.91023730868278,32.32166794,35.75444508,8.031397610447346,269.28744095582107,0.0958366817650496,1.5864505797417614,2019-01-01,2024-01-31,2500,5000,2026-02-11,2
235.86434795451189,10.393231646767978,Al-Karak Hospital,2.1495681088249965,1352.038103677448,0.3741826573470692,694.483031879662,23.13412801643898,17.987554899029192,12.74089636967102,14.625572293605083,1116.218726923645,6.438956460185409,1014.3706896551724,18.31832542739399,13.184939385775865,31.14635,35.72683,3.5348545266578055,126.90791611283416,0.0558160531220876,1.8834828961024577,2019-01-01,2024-01-31,2500,5000,2026-02-11,7
153.327799972448,12.774664048076334,Al-Mafraq Gynecology and Pediatrics Hospital,1.750930386431077,1398.6303209808514,0.3851006675918563,714.7468514617116,24.307960052339627,17.87878497364958,11.533296004263326,15.27950130872021,1245.3318638930982,7.71012902357022,697.0044444444445,17.94924521424949,33.17402189243155,32.3177834,36.229011,0.7817192450750792,25.60635073701612,0.0522040712836858,2.876723144297171,2019-01-01,2024-01-31,2500,5000,2026-02-11,1
196.15377609639907,10.622856005538786,Al-Manarah Primary Center,4.107311279345781,1387.1538461538462,0.5543234613206651,1028.8243270359123,24.459000281988263,19.112220728700983,13.836144276449494,14.739246181869133,1190.9438139274205,7.854358736842667,737.3983050847457,18.245978116710877,23.5399692784317,31.68157,35.89686,1.116015132408575,64.95131007426089,0.0587768015030946,2.399193076644158,2019-01-01,2024-01-31,2500,5000,2026-02-11,5
181.0254621555633,12.629399615460605,Al-Mansoura Comprehensive Center,4.951683845925838,1382.7463550749912,0.6172840559736211,1145.6792072092303,24.34024935531338,17.863517831986492,11.71084973985278,14.953393791419604,1201.7227764213462,8.202712415255593,690.9873949579832,18.12311579466251,32.843018273110786,32.41635,36.16958,0.9605162190442972,50.24039065224973,0.0724596478356566,2.7382140481316544,2019-01-01,2024-01-31,2500,5000,2026-02-11,1
280.67789663795503,11.89278633966563,Al-Razi Comprehensive Center,9.634381906460908,1323.9279661016951,1.482952035584692,2752.358951092314,24.24593801235053,18.067283913459136,12.353151672684891,13.186892192275632,1043.1986662961936,8.233405453927396,773.4529147982063,18.018805665774764,28.44951694686952,32.27864842,35.83291038,5.965754376215615,196.7982772992498,0.1008981407071887,1.7563259205269766,2019-01-01,2024-01-31,2500,5000,2026-02-11,2
302.05392579810183,12.466291579706915,Al-Razy Primary Center,6.4362476875907495,1336.81032499281,1.132588472805525,2102.084215372977,25.267590650586182,18.703913186538625,12.801299070879285,13.474949669255109,1034.7367702041993,9.318597444802636,558.409282700422,18.230707626758168,40.49906558388159,32.56142068,35.87287453,5.294866264020708,236.244679321254,0.0805046695402298,2.054520688494907,2019-01-01,2024-01-31,2500,5000,2026-02-11,2
221.57226056945643,12.078388348933936,Al-Salaihy Primary Center,6.332373995529978,1387.7747339660627,0.9715798907635506,1803.252283327517,24.608126989358585,18.39064078438201,12.52973864042463,14.551351740005757,1166.1339516824848,7.667519870826483,558.7051282051282,18.474105957917423,33.0055041969147,32.12280721,35.82644224,1.3856054069600232,87.9759131435145,0.0776618269812462,1.677995530962123,2019-01-01,2024-01-31,2500,5000,2026-02-11,0
223.13732981383723,11.796872214118618,Al-Taj Primary Center,4.546486203953372,1343.3912892470132,0.6252878027952324,1160.5341551294152,24.32866432294733,18.355926345283223,12.531792108828682,13.983196721311478,1120.254862461795,7.319230109712322,812.625,18.087181900889465,29.9387847019287,31.9475,35.9338,2.208043901083635,62.05793275909975,0.0661962120105201,2.3261999115870178,2019-01-01,2024-01-31,2500,5000,2026-02-11,5
217.62578681607525,12.058034781751962,Al-Theraa Primary Center,4.1566057205200195,1350.4357750570657,0.584231972694397,1084.3345116314586,24.647529245245096,18.58050683805311,12.58949446349311,14.184388185654008,1132.8427751262366,7.681230908974953,792.8723404255319,17.907902747844826,33.847904094827584,31.9572,35.9681,1.9521339143667429,53.55882963270387,0.0651939655172413,2.5182687630364535,2019-01-01,2024-01-31,2500,5000,2026-02-11,5
279.21216757741354,12.368905100329169,Al-Yarmouk Hospital,6.537377522786459,1357.7103825136612,1.1290136498875087,2095.449333478211,25.835253736890593,19.294077312261095,13.466348636561465,14.80520947176685,1078.5495081967213,10.455704033511722,310.915611814346,18.007609752155172,49.000744881465515,32.70715,35.87147,5.107832422586521,192.62739526411656,0.077993295019157,2.030229414689336,2019-01-01,2024-01-31,2500,5000,2026-02-11,2
248.71561544873572,11.92074733659024,Al-Yazidieh Primary Center,7.272101531594486,1347.2844540150045,1.040022177211309,1930.2811845868573,24.31680046590988,18.174032473396867,12.396053129319624,13.846735204223396,1098.5957210336203,7.360723924813284,801.7106382978725,18.255620919098845,29.633593213489917,32.07519581,35.7752398,3.5497360377882745,123.46005834954154,0.0789560198714202,1.6447652735621814,2019-01-01,2024-01-31,2500,5000,2026-02-11,0
147.3834550213528,12.59057282579356,Al-Zubaydiah Primary Center,3.844647320378728,1403.8216696514671,0.5935732529443852,1101.6719313503402,24.057520706900277,17.63732412299902,11.466947881106703,15.498064471690316,1256.4608761537402,7.370698854292641,676.0169491525423,18.14934275164807,31.68321255387931,32.37836844,36.28525988,0.7613307618129218,25.302727648436424,0.063813025210084,2.832425072814635,2019-01-01,2024-01-31,2500,5000,2026-02-11,1
163.21939309382628,12.37393010021218,Amiryye Comprehensive Center,2.7089147263384876,1399.0725497035226,0.5263192729747042,976.8485845247548,24.95751551210401,18.77179345825117,12.58358541189184,15.264492500871992,1235.8493198465294,8.015126696050661,640.5338983050847,18.100505863673877,39.01050500389765,32.0632,36.0661,0.8381583536798046,22.87478200209278,0.0578113536316947,2.6823599854825035,2019-01-01,2024-01-31,2500,5000,2026-02-11,1
219.95887746596276,11.995579221386578,Amman Comprehensive Center,4.275065951428171,1348.5919699916642,0.5963423585487625,1106.8113920895096,24.549521077020668,18.504649983250356,12.553941855634069,14.08603778827452,1128.6596276743542,7.584723805870435,805.6186440677966,17.932918443618497,32.697182089238744,31.9567,35.9493,2.046123923312031,56.68935815504306,0.0655364187609585,2.462166321611389,2019-01-01,2024-01-31,2500,5000,2026-02-11,5
236.93484301194775,11.56671770687761,Amman Field Hospital,5.780444023972851,1330.3589886079465,0.7588069239410303,1408.3456346469482,23.876531655212943,17.983766246938103,12.309813948335318,13.600118088357878,1093.4279661016951,6.922041697886073,985.2334801762116,18.37903168491562,24.79555765086207,31.9751,35.8819,3.4180327868852456,77.32120033342594,0.0733192394798363,2.0769295571592794,2019-01-01,2024-01-31,2500,5000,2026-02-11,0
230.2999576031656,11.31094573145814,Amman Taibeh Primary Center,6.4987113188053,1352.1835782928208,0.8905773214225111,1652.9114811046277,24.42926238972285,18.638950495288977,13.11831665826469,13.938665912945163,1121.8142312040698,7.274305634417171,895.9137931034481,17.72213964147035,29.617764316336576,31.8585,35.8466,2.2153052572074614,81.82560768795929,0.0748992085315101,2.0240404829090255,2019-01-01,2024-01-31,2500,5000,2026-02-11,0
12.220130288495955,,Aqaba Comprehensive Center,1.739016442429582e-05,1722.7472260004297,0.0592452004779634,109.9590926074663,,,,19.054642422506983,1710.5396234519296,,82.51583710407238,14.004755078536745,,29.5167,35.0,0.0163934426229508,0.0,0.021537607288059,,2019-01-01,2024-01-31,2500,5000,2026-02-11,3
12.12833104643605,12.909545852842877,Aqaba Field Hospital,0.0001066735934135,1759.1063768325268,0.0912015031415985,169.26999119089376,28.277596179719737,21.881194806853433,15.368050326876867,20.218827182783272,1747.007727305553,7.962145165837114,68.31601731601732,15.656519515228618,98.53386888586957,29.56976458,35.02067947,0.0197154618328879,0.0,0.0259712517089472,2.2755331857977112,2019-01-01,2024-01-31,2500,5000,2026-02-11,3
220.34859957362343,10.912842619008032,Arish Primary Center,7.552536440537114,1378.9112695728884,1.0714567755369862,1988.623743337395,24.48797734523646,18.918955505031192,13.575134726228384,14.60141880467544,1158.5131956186133,7.673143136912643,775.0042735042736,18.18146751657453,27.35382947198276,31.78072,35.78428,1.6953613173564654,77.86804381386459,0.0866756223905984,1.887376619643207,2019-01-01,2024-01-31,2500,5000,2026-02-11,0
232.04176088185417,10.279569935500977,Ayy Comprehensive Center,4.769817742808112,1350.5806953080837,0.6121486561565564,1136.1479133450018,23.172170845003684,18.068019899422353,12.892600909502722,14.466654889768233,1118.5549745618994,6.5682106261115845,1008.8333333333334,18.383761664173974,13.454677595031956,31.162,35.704,3.5086913510457887,123.47802430751838,0.0685381985731272,1.849349499735075,2019-01-01,2024-01-31,2500,5000,2026-02-11,7
132.41632368329266,12.876269761167377,Badiyah Al-Shamali  Comprehensive Center,3.229493375534707,1413.2373910010465,0.5088450906124521,944.4164838824444,24.269117823542715,17.83496051455634,11.39284806237533,15.817265434251834,1280.8396232996165,6.258652179892352,756.8117154811716,18.02346461734226,34.73639064219553,32.28182238,36.46203081,0.7244506452738054,20.15242413672829,0.0621858950843727,3.0894274021266637,2019-01-01,2024-01-31,2500,5000,2026-02-11,1
225.96274851761424,11.2748446412062,Badr Comprehensive Center,7.493949955067737,1364.4011859086156,1.041126123387763,1932.330117964501,24.458609601389576,18.66309833376721,13.183764960183398,14.113072898500176,1138.395744680851,7.3953659145309985,806.6591928251122,18.005041710610787,30.49074804544204,31.88,35.818,2.018974537844437,77.01590512731077,0.0876169295671313,1.7858579257555407,2019-01-01,2024-01-31,2500,5000,2026-02-11,0
171.33258284668966,12.760217407213014,Balaama Comprehensive Center,5.364996781164996,1385.7835784141278,0.711541740679434,1320.6214358171574,25.266393690178433,18.876328459770814,12.506176282965432,15.001238302962076,1214.4474073031731,8.652774521061218,664.546218487395,18.178172468134893,44.14180206637561,32.23649,36.08811,0.9083233659325968,34.92422430169563,0.0701772236199496,2.653664139966341,2019-01-01,2024-01-31,2500,5000,2026-02-11,1
264.9089022618801,12.227594129282645,Balileh Primary Center,5.083575411687923,1320.591201494086,0.7939699427990974,1473.608237108422,24.388370057205517,18.0222364914605,12.160775927922888,13.345756380991906,1055.6627931106038,8.348523718263571,803.6610878661088,18.622823889676997,30.47756156904736,32.38884529,35.94031698,4.580203361693297,165.05125544718825,0.072293758184199,2.206254072512841,2019-01-01,2024-01-31,2500,5000,2026-02-11,5
213.42580735945967,9.726167387663832,Batteer  Primary Center,6.135033327110848,1371.27052698234,0.7399543917741898,1373.3553525018788,23.663870367327128,18.781084860230425,13.937702979663284,14.656413142897346,1157.8427495954409,7.42600804813946,768.8025751072962,18.091179401916527,17.260100012024566,31.26619288,35.69971017,2.393372264827974,97.57264476183776,0.0742054536036702,1.645144465698077,2019-01-01,2024-01-31,2500,5000,2026-02-11,6
305.6477139102165,12.424640659784348,Beit Ras Primary Center,7.095940428947094,1349.7428927163314,1.1934473222821071,2215.038234229746,25.75997038320497,19.19572195307804,13.335329723420635,13.82503977312029,1044.0859791104656,10.040495439826472,524.4867256637168,17.92783086329659,47.912171574912705,32.59329,35.85675,5.44483641142699,233.83288372414745,0.0860113851302197,2.004779707915352,2019-01-01,2024-01-31,2500,5000,2026-02-11,2
145.23174049529123,12.847029731208927,Bierain Comprehensive Center,2.015833874966236,1411.503801883502,0.4954511475055776,919.5573404336138,25.29530977044837,18.932316360831265,12.448280039239458,15.67612138123474,1266.274991280084,8.327268379829519,588.9788135593219,18.262125,44.740866402237714,32.1134,36.149,0.7518660620858039,13.51587024764562,0.0555851063829787,2.887355097055603,2019-01-01,2024-01-31,2500,5000,2026-02-11,1
197.7783352176371,11.334266909237568,Bsaira Comprehensive Center,4.769379566969542,1318.8124646693047,0.7256313749942287,1346.7718454230203,23.998062705993675,18.445958343867577,12.66379579675612,13.84754804974562,1121.053420011306,5.513898336475961,1270.6394849785406,18.150497489502825,16.923952047413792,30.73219263,35.61186405,1.7863906161673264,96.77459016393443,0.0634080521700356,2.056517626457018,2019-01-01,2024-01-31,2500,5000,2026-02-11,7
293.654830833624,12.46388288737218,Bushra Primary Center,5.511347072682483,1344.0991977677013,1.0300018295328668,1911.6834050911,25.2203063890677,18.65954012894726,12.756423501695537,13.66608301360307,1050.4154168119985,9.255122233312049,555.3231441048034,18.2102058992113,39.76919379929383,32.55987,35.8952,4.711475409836066,216.8520404604116,0.073695432868672,2.055700936626082,2019-01-01,2024-01-31,2500,5000,2026-02-11,2
216.0453435647018,9.460998954898894,Damneh Primary Center,5.900448123444901,1366.233972793861,0.6988941126681388,1297.1474894226242,24.461135074240456,19.679947857187702,15.00013611934159,14.669654691314964,1150.201395186606,8.461300545177215,860.5897435897434,18.16163641782832,23.13833344988078,31.36204566,35.68769939,2.3650505755144753,94.8259504708755,0.0724665260454878,1.593342446207394,2019-01-01,2024-01-31,2500,5000,2026-02-11,6
235.34711030841905,11.56671770687761,Dhaheyat Al-Hussein Primary Center,5.762125532505876,1333.7056126701862,0.7580170343487951,1406.8796039163872,23.876531655212943,17.983766246938103,12.309813948335318,13.65550152820228,1098.3582245068076,6.922041697886073,976.6919642857144,18.460749624442943,24.79555765086207,31.96979281,35.88242594,3.200472353431509,76.16497638232842,0.0729813522793687,2.0769295571592794,2019-01-01,2024-01-31,2500,5000,2026-02-11,0
200.02768670309652,11.80785577178458,Dr. Jamel Al-Totanji Hospital,3.715756400426229,1377.4754826958106,0.5576817221111722,1035.0572525069174,24.7964946001426,18.858362684121907,12.988638828357976,14.635715846994534,1177.44014571949,7.620730080245412,833.1059322033899,18.59885479525862,34.377050915948274,31.854,35.99683134,1.168014571948998,51.50207650273224,0.0599497126436781,2.6372695910044284,2019-01-01,2024-01-31,2500,5000,2026-02-11,5
218.40394578099497,10.352899238981047,East Madaba Comprehensive Center,6.02371580776198,1375.3733588815555,0.8666509108625966,1608.504092227628,23.78257502851818,18.548799819781493,13.4296757895371,14.58068270527287,1157.0159676389185,7.481303721461018,763.8965517241379,18.279333488440436,16.333581627155173,31.7237,35.809,1.7542402952239016,79.61599602583208,0.0754287020450813,2.0071032810214295,2019-01-01,2024-01-31,2500,5000,2026-02-11,0
180.32145099407043,11.70060366265317,East Thhaibeh Primary Center  ,4.567241754937679,1396.8633414719218,0.6894889372460385,1279.6914861561486,24.974110214516102,19.14095620551022,13.273506551862909,14.99016393442623,1216.55737704918,7.908455254752024,792.0608695652174,18.180059324559792,35.77812227737527,31.80645531,36.05325934,0.9379839553540285,35.25901639344262,0.0618717901687454,2.804375362949967,2019-01-01,2024-01-31,2500,5000,2026-02-11,1
304.7015429122469,11.765371740537946,Ein Jana Primary Center,9.422876834869385,1312.1469210635073,1.609856414694746,2987.893433771303,24.135640132078343,17.977843557469967,12.37026839154039,12.813769114203057,1007.4518528722964,8.387157915576703,1033.1008771929826,18.61899317000507,28.010347838488844,32.33446531,35.76699014,8.519493043118887,273.52651880424304,0.0987643980005795,1.682591873000452,2019-01-01,2024-01-31,2500,5000,2026-02-11,2
234.46344331465727,11.60826940014774,Eskan Abu-Nsseir Al-Shamel Al-Tadribi,5.827750851836386,1352.5174655876044,0.758837743147516,1408.402815989719,23.949360908498324,18.033226744917787,12.341091508350567,14.115300546448086,1118.0409490212353,6.986391135976924,951.1587982832618,17.961874727193365,25.628386809117192,32.05301352,35.88197637,2.8654630974614372,82.31327384657953,0.074462570929725,2.0703929231584803,2019-01-01,2024-01-31,2500,5000,2026-02-11,0
167.93332414933187,12.753235670146095,Eydoun Bani Hassan Primary Center,2.5965616412523413,1380.920168067227,0.4938461813105254,916.5785200509872,24.300853009183868,17.878814398182335,11.547617339037805,14.902830968452957,1213.0316848050695,7.780373564810242,747.3446808510638,18.357708782327585,32.95490682048682,32.31117796,36.17917725,0.868645818983331,37.486775037884,0.0617348232396406,2.8535027732705003,2019-01-01,2024-01-31,2500,5000,2026-02-11,1
219.3416811998605,9.434445927620636,Faqqou Comprehensive Center,5.74057384044566,1360.9838855946982,0.6839945841342844,1269.4939625099378,24.54284523119405,19.77100700089606,15.108399303573457,14.594795953958842,1141.6550401116149,8.57723554637786,894.273127753304,18.234490639902788,23.497580131144534,31.3686,35.7006,2.553540286013254,97.39302406696896,0.0713499633162142,1.5946064170149212,2019-01-01,2024-01-31,2500,5000,2026-02-11,6
246.99484984767156,11.655683690103992,Fuhais  Comprehensive Center,7.137829776358815,1343.7330625272011,1.0389633906626068,1928.3161055030023,23.733636902118576,17.72908372796809,12.077953212014563,13.597787610619468,1096.7314667053531,6.674781965935324,909.4273504273503,18.230081295773573,22.434075969827585,32.01065083,35.78513915,3.8939503844479906,99.28224285507036,0.0817010604211168,1.6965907904345978,2019-01-01,2024-01-31,2500,5000,2026-02-11,0
234.35646548555465,10.545449913902926,Ghwayyer Primary Center,1.5242082976439608,1359.1665809012716,0.2991746979444016,555.2682462636319,23.097443593965913,17.88802352034316,12.551993680062994,14.754715871498934,1124.859295743586,6.385757158117209,947.5427350427352,18.30148302801724,11.924776515627418,31.14638943,35.75122633,3.283246342718518,121.83238991398956,0.0521542059687644,2.086724312670077,2019-01-01,2024-01-31,2500,5000,2026-02-11,7
219.43442622950815,10.352899238981047,Haninah Primary Center,6.0610999938769226,1374.886506935687,0.8725126301630949,1619.383449389253,23.78257502851818,18.548799819781493,13.4296757895371,14.572551492223624,1155.5018915510718,7.481303721461018,764.4159292035399,18.26616172082228,16.333581627155173,31.72874,35.80744,1.7824716267339218,80.30811265237493,0.0760665340406719,2.0071032810214295,2019-01-01,2024-01-31,2500,5000,2026-02-11,0
169.25854590899067,12.36895208611672,Hashemieh Housing Comprehensive Center,3.1013431495615187,1393.2450194809965,0.563070779958648,1045.0593800647423,25.55805898935956,19.334105477479618,13.189106903242852,15.178945820774826,1224.020657207969,8.676082662088477,581.731914893617,18.320014834931193,47.166095996984694,32.112,36.0465,0.8786297140336689,27.447254282143643,0.061584293335395,2.419909763794968,2019-01-01,2024-01-31,2500,5000,2026-02-11,1
150.85650505755143,12.81453773071026,Hashemiyyah Primary Center,2.7480687638546555,1402.9580048831529,0.5597134780376516,1038.8282277033973,25.453003041497595,19.095926809036484,12.638465310787351,15.44977328217649,1252.1035228461806,8.546399031014857,561.0745614035088,18.30148302801724,46.048892780172416,32.13876676,36.11486825,0.7756539937216602,17.927241018486225,0.0596432501834189,2.799451177349661,2019-01-01,2024-01-31,2500,5000,2026-02-11,1
235.43219076005963,10.393231646767978,Hawiyyeh Primary Center,4.331609158288865,1347.6154992548436,0.5802706407778191,1076.98231392052,23.13412801643898,17.987554899029192,12.74089636967102,14.456653182882691,1112.204172876304,6.438956460185409,1075.8162393162393,18.412230725901257,13.184939385775865,31.141666,35.705555,3.698885813639912,128.3168689234263,0.0666144200626959,1.8834828961024577,2019-01-01,2024-01-31,2500,5000,2026-02-11,7
161.62654769315904,12.710514864442166,Hay Al-Hussein Primary Center,2.5955723297746873,1388.9335961817803,0.4612869713376846,856.1486346706675,24.261681206244056,17.78849262950608,11.551166341801892,15.143944110119664,1227.3310507020822,7.968955818930195,699.7881355932204,18.526504664993453,32.39813369571147,32.34971513,36.2062756,0.8379331811579166,33.77429618869752,0.0592240469954896,2.8215543375016665,2019-01-01,2024-01-31,2500,5000,2026-02-11,1
157.43238599756603,12.682098324588578,Hay Al-Rsheed Comprehensive Center,1.6195457996759872,1402.5390507552436,0.4755273622716879,882.5787958575739,25.145774582440804,18.85124980424672,12.463676257852248,15.37535256639702,1245.1145393371037,8.2138766265354,617.5384615384615,18.10727092470072,42.13457361819568,32.0721,36.0899,0.8039229722957978,20.93829193213544,0.052811135371179,2.8616328264863076,2019-01-01,2024-01-31,2500,5000,2026-02-11,1
305.76415957222264,12.06695276346188,Hay Etwal Primary Center,8.910128920886649,1332.0634630268064,1.434250485231948,2661.9689452602984,25.233577134670277,18.845759202104624,13.166624371208409,13.540878069373113,1026.2981073664955,9.687558955411568,522.9012875536481,17.391856500665977,39.97880378103263,32.56575878,35.8231893,5.272004502919862,264.7687328502075,0.095213759804647,1.848026615742514,2019-01-01,2024-01-31,2500,5000,2026-02-11,2
287.7157086532475,12.44798690294848,Howara Primary Center,5.062648541816679,1342.5828318461647,0.9705761560407872,1801.3893671564028,24.902364399109487,18.361177936513645,12.454377496161024,13.578930621844089,1054.8582001798436,8.828103517810248,561.6176470588235,18.13292438482104,34.8658986591554,32.5348091,35.90743354,4.20516013004081,210.48647713910216,0.0685767677869925,2.064674108611962,2019-01-01,2024-01-31,2500,5000,2026-02-11,2
220.01625089094796,10.912842619008032,Husban Primary Center,7.337676549994428,1368.712758374911,1.041406878181126,1932.851113228609,24.48797734523646,18.918955505031192,13.575134726228384,14.459201710620098,1148.7120456165358,7.673143136912643,806.7805907172996,17.948971994471513,27.35382947198276,31.79819,35.80986,1.7784746970776906,77.49322879543834,0.0835925787106446,1.887376619643207,2019-01-01,2024-01-31,2500,5000,2026-02-11,0
233.555688454232,10.827611462399858,Husseinieh Primary Center,5.13003635201843,1344.8427495954406,0.5628694467278509,1044.6856854952275,23.773619337612615,18.40953606300845,12.94600787521274,14.637050587490322,1111.3244916625624,6.603649162061626,1060.481981981982,17.87411903280857,16.73983080046618,31.02652802,35.72140793,3.443467248293815,125.86716386406808,0.0653303981056682,2.0215108140181153,2019-01-01,2024-01-31,2500,5000,2026-02-11,7
305.52838427947603,12.291192743042618,Ibn Sina Primary Center,7.660105122228897,1324.5470685088412,1.2900719866481931,2394.3736306729697,25.01351939525758,18.535581445712072,12.722326652214974,13.27175173598683,1019.0080177535976,9.15814311176856,566.5106382978723,17.955166755289113,36.82897394617716,32.55500571,35.84911155,5.513422578566828,257.8838857470112,0.0872680131004366,1.97982370201997,2019-01-01,2024-01-31,2500,5000,2026-02-11,2
223.94479159009043,10.220299353163782,Iraq Primary Center,6.224074973119214,1356.7250606483865,0.8031861498751449,1490.7134676407827,25.61225782200194,20.484666891830543,15.391958468838206,14.292288465779608,1132.8144526942588,8.65774732567794,1057.871244635193,18.28030382011559,41.808638864862,31.09028,35.64194,3.3922664118209216,116.72035580386682,0.0775016429565486,1.518074741980073,2019-01-01,2024-01-31,2500,5000,2026-02-11,6
305.5130054644809,12.298193486677734,Irbid Field Hospital,7.625200360616048,1325.3579599271402,1.2850011968612671,2384.9622441703095,25.036671883667125,18.554818145957945,12.7384783969894,13.287307832422588,1019.8340983606556,9.182348821842478,565.4279661016949,17.959505495689655,37.16884703663793,32.55556,35.85,5.50856102003643,256.99089253187617,0.0871240421455938,1.9820356324218091,2019-01-01,2024-01-31,2500,5000,2026-02-11,2
305.51696865113604,12.390764902269776,Irbid Urban Development Primary Center,7.236543136730528,1350.2935720448663,1.2126901045180205,2250.752845291888,25.762696653399004,19.21344120701525,13.371931751129235,13.830450100661492,1044.765458728789,10.075206320890045,523.831223628692,17.819865053595734,47.85884420017582,32.58948367,35.85299605,5.319096922634454,235.68219729652,0.0867102427404718,1.9856225244219865,2019-01-01,2024-01-31,2500,5000,2026-02-11,2
224.89135871075297,11.745756979925044,Istiqlal Primary Center,4.781257576861624,1337.8628785773828,0.6435635948585252,1194.4540275371514,24.15748840412296,18.201222564039337,12.411731424197905,13.87114476243401,1112.97082522923,7.198695393452359,843.4739130434783,18.05966463553843,28.0942940668834,31.96923689,35.92706971,2.5218116143373157,63.228952486801894,0.0672349868497954,2.237756555911131,2019-01-01,2024-01-31,2500,5000,2026-02-11,5
223.59832517209568,11.76339159949286,Jabal Amman Primary Center,4.6656911218321175,1342.3422752111276,0.6360722664114716,1180.5501192154247,24.23908856180931,18.27723162033523,12.47569696231643,13.953346107444466,1118.7444468100205,7.251866041214882,820.7130801687764,18.064653335619116,28.957967280564255,31.95003397,35.9299315,2.2555531899794192,62.60875736285572,0.0666354120017913,2.2763813097050813,2019-01-01,2024-01-31,2500,5000,2026-02-11,5
182.1792164490136,9.694459393733707,Jadaa Primary Center,5.781503232858949,1402.178938594054,0.723188812449827,1342.2384424845654,24.38454613671674,19.50397718487852,14.690086742983045,15.533245345929425,1219.9898582939704,8.242640464421495,873.2241379310344,18.451577202659266,21.290024816445055,31.39615668,35.75188722,1.6068352320088912,63.05070853014726,0.0733397866744593,1.7667478987820058,2019-01-01,2024-01-31,2500,5000,2026-02-11,6
253.9789123997978,12.091472296879209,Jarash Comprehensive Center,6.850878656698219,1358.1726727811076,1.1136764335212204,2066.98347050884,24.593336784428573,18.33990888294187,12.50186448754937,14.080941720228203,1104.1662453961148,8.243696795934795,653.2941176470588,18.31188603101739,32.07679283405172,32.28082,35.89929,2.919766014299126,136.4830649238102,0.0799502506456023,1.943269805793001,2019-01-01,2024-01-31,2500,5000,2026-02-11,0
256.22082931533265,12.091472296879209,Jarash Hospital,6.882031689171029,1355.793635486982,1.1228007999788812,2083.918295980054,24.593336784428573,18.33990888294187,12.50186448754937,14.01549800247968,1099.5474583275932,8.243696795934795,669.2532188841201,18.32628850786004,32.07679283405172,32.28345,35.89773,3.1307342609174817,140.1716489874638,0.0804703346855983,1.943269805793001,2019-01-01,2024-01-31,2500,5000,2026-02-11,0
220.93252656019135,10.271670221347364,Jdaideh Primary Center,6.592525838270719,1378.8167874481107,0.7899773688787043,1466.1980041076706,23.460030621382863,18.356306106499257,13.18836040003548,14.982206430732427,1157.9070569197213,6.881759159994385,848.5401785714288,18.316685699783555,13.927336523697647,31.26269366,35.80832504,2.3891507774572576,99.85274044888482,0.0804628533372798,2.062417199601868,2019-01-01,2024-01-31,2500,5000,2026-02-11,0
177.94946543121884,11.271568952007096,Jizeh Compreahnsive Center,3.1060549497604377,1401.6349251603706,0.4879759925863018,905.6834184154324,25.06831394453636,19.436390331242233,13.796744992529309,14.898317890235212,1223.6855310049891,8.206585229342465,713.5677966101695,18.03111048772489,34.105442495549106,31.70305532,35.95661882,0.9282965074839632,46.021240199572354,0.0577586206896551,2.8565604468642936,2019-01-01,2024-01-31,2500,5000,2026-02-11,1
211.55513521087295,10.168592898114186,Jouza Primary Center,6.244951531418368,1363.0415440661343,0.8293201739971454,1539.2182185218592,25.551293538813383,20.443693231046502,15.38270064069925,14.440598290598292,1151.454812946616,8.647906497101237,924.650442477876,18.53023054127984,41.16950648624006,31.1553,35.6439,2.638853860165336,101.63275886226708,0.0780006631299734,1.5217279966179789,2019-01-01,2024-01-31,2500,5000,2026-02-11,6
222.79638359248577,11.544525778432984,Jowaideh Primary Center,4.586627520205126,1348.5049602476608,0.6273570664450846,1164.3747366360456,24.448588780713255,18.56820814680352,12.904063002280234,14.087032997959616,1125.6606627735173,7.191387456608086,908.646288209607,18.32513162854262,30.483046077216216,31.89202766,35.92364877,1.984099064236966,68.90642369661576,0.063956822554388,2.2909247670783053,2019-01-01,2024-01-31,2500,5000,2026-02-11,5
238.4025175644028,11.56671770687761,Jubaiha Comprehensive Center,5.6705907114914496,1317.9736533957844,0.7158302239009312,1328.580878522746,23.876531655212943,17.983766246938103,12.309813948335318,13.4555693793911,1079.578893442623,6.922041697886073,969.9404255319148,18.052859770676186,24.79555765086207,32.01071,35.89802,4.015807962529274,76.8978337236534,0.0727947967980295,2.0769295571592794,2019-01-01,2024-01-31,2500,5000,2026-02-11,0
221.87677132536817,11.8775689310668,Jufeh Comprehensive Center,4.440396862514949,1345.412336760211,0.6150745709063643,1141.5783892823183,24.398116628082825,18.39619926329174,12.520547697015996,14.022242289524868,1123.547235343151,7.415852525846121,808.3957446808511,18.0163040961974,30.85269145419345,31.9517,35.9393,2.152125590441789,59.84954153931647,0.0659017022209234,2.3756334953234517,2019-01-01,2024-01-31,2500,5000,2026-02-11,5
224.88531566096964,9.999435567715896,Karak Comprehensive Center,5.408044232713416,1357.592605510987,0.64796317156325,1202.6196636797883,23.265932443434085,18.266336568797616,13.266496875718191,14.522595047087547,1132.7134286710848,6.886774667174277,932.7820512820512,18.283060121285768,14.119483199972484,31.18225,35.70486,3.072828740844088,112.83104290198814,0.0709716617754952,1.7652232156492025,2019-01-01,2024-01-31,2500,5000,2026-02-11,7
237.42903180608096,10.393231646767978,Karak Taibeh Primary Center ,4.4354080888960095,1344.3957545187052,0.5900741741698012,1095.1776711726652,23.13412801643898,17.987554899029192,12.74089636967102,14.44178226145439,1106.9807342020456,6.438956460185409,1134.5391304347827,18.416697768153185,13.184939385775865,31.1098,35.7045,3.841600112091916,131.59394703656997,0.0671280946065428,1.8834828961024577,2019-01-01,2024-01-31,2500,5000,2026-02-11,7
215.29701874524451,12.312077915965082,Kfair Primary Center,5.135009544308176,1382.6811233312585,0.7403884102523578,1374.1608927684647,25.7458780630246,19.474187012053676,13.433800147059523,14.727910354845402,1167.372483917825,9.055564625169955,572.4115044247787,18.111335593081623,50.24376108276953,32.21658115,35.93070632,1.2478384173756658,72.62163657743655,0.0681652844463844,2.084601456189895,2019-01-01,2024-01-31,2500,5000,2026-02-11,5
128.24043715846997,13.0514178276062,Khaldieh Comprehensive Center,2.875255372789171,1424.673952641166,0.5282819973097908,980.4914132572618,24.747527094545035,18.278419383092285,11.696109266938834,16.09591985428051,1296.3642987249548,7.1900864436714755,611.5659574468085,18.437049568965516,39.16123787715517,32.18481729,36.30729722,0.6772313296903462,7.936247723132969,0.0614583333333333,3.083839822657342,2019-01-01,2024-01-31,2500,5000,2026-02-11,1
13.710040983606556,12.890975866609653,Khazzan Primary Center,0.000115253977851,1747.1918911007024,0.0947190788241901,175.79861282589567,27.91835004803933,21.553108494971184,15.027374181429684,19.85273711943794,1733.5054156908664,7.573848614106849,94.5701754385965,15.465596544989223,90.16968441253388,29.56239058,35.02704064,0.0295667447306791,0.0,0.0267664716748768,2.24900590999929,2019-01-01,2024-01-31,2500,5000,2026-02-11,3
216.0656429411358,11.664537113513832,Khraibet Al Souq  Comprehensive Center,4.1665181530175825,1362.8384173756656,0.6004964168564679,1114.5213451524205,24.54822562103381,18.63063050558399,12.883688507519931,14.359521339143663,1146.734384727122,7.308181457911828,868.5702127659574,18.34299993520842,31.7355238569402,31.867203,35.93484937,1.625510133499343,65.36660441308707,0.0605858067801542,2.410296856335466,2019-01-01,2024-01-31,2500,5000,2026-02-11,5
285.64778514126266,12.245097263578272,Kufur Khal Primary Center,6.050405845236272,1302.6941053365888,0.9260846518455668,1718.8131037409348,24.06364560945894,17.656348514761092,11.818548345880656,12.916330659225672,1017.0232298569932,7.833888480096996,1005.9515418502205,18.921162618075936,26.47455437798056,32.3576,35.88312,6.876525985350541,208.21890477851412,0.0814701027146001,2.026585051386503,2019-01-01,2024-01-31,2500,5000,2026-02-11,2
310.84764164509636,11.944754532085932,Kufur Yuba Comprehensive Center,9.169061949378566,1312.5081967213116,1.5267149706681566,2833.582979841731,24.592111483596724,18.279271593115848,12.647356951510792,13.150201322979582,1001.6548748921484,8.97423108676471,568.0966386554621,17.470303620547863,31.258560146324864,32.5447,35.80446,5.630572332470521,293.9339948231234,0.0959169880520266,1.8339983982039456,2019-01-01,2024-01-31,2500,5000,2026-02-11,2
205.25314852599732,10.211326451137149,Kuthraba Primary Center,6.3114243351850385,1368.5091113769083,0.8183127718422033,1518.788479407827,25.74084002889435,20.614234023532504,15.529513577757257,14.576950678955884,1163.2525153028917,8.772873266811985,850.9866666666667,18.141010381595013,43.29383081896552,31.13372069,35.63093693,2.4896221768803204,96.4248223457398,0.0782336835873908,1.499114884926553,2019-01-01,2024-01-31,2500,5000,2026-02-11,6
201.061844789981,9.326719673671048,Leb Comprehensive Center,6.251040245842013,1378.6018433828183,0.8176173358004493,1517.4977503723194,23.520367735244147,18.865623579185748,14.19364806157312,14.85542109336523,1177.4788573840851,8.378985869624904,628.2105263157894,17.590335826503996,13.169736714009543,31.60552834,35.76378881,1.2264827974389647,75.96418771547177,0.0766543029450939,2.000539441695556,2019-01-01,2024-01-31,2500,5000,2026-02-11,6
223.9771057094403,11.738255133881156,Luaibdeh Comprehensive Center,4.76313571888825,1341.4398671565857,0.6462385402671222,1199.418723126158,24.145716158629345,18.19211102228429,12.407461024748168,13.927197569248165,1117.463538722442,7.187103448309345,832.6666666666666,18.03598598557335,27.95607515931555,31.95557703,35.92648925,2.3037026568682872,62.97427925381571,0.0669473654875148,2.2310178143836374,2019-01-01,2024-01-31,2500,5000,2026-02-11,5
55.80527441197434,12.199483941019563,Maan Comprehansive Center,8.917909533762291e-05,1426.2527441197433,0.1555611244362333,288.72144247371125,24.400294214102843,18.40844106467998,12.200810273083263,16.477391304347826,1370.4614397719174,4.519545391641114,1102.5312500000002,16.49785861366192,27.463347462987254,30.19624,35.73405,0.2406272273699216,0.7565217391304347,0.0347872938530734,2.602547465826834,2019-01-01,2024-01-31,2500,5000,2026-02-11,1
56.49358356205029,12.14515465089694,Maan Hospital,7.989227829900849e-05,1423.56368221942,0.1521721022093997,282.4314165331256,24.348204025319767,18.375982176679564,12.203049374422813,16.410214375788147,1367.0922780209185,4.516339683601942,1113.517391304348,16.537495392221878,26.559545286657436,30.19167,35.72904,0.2444922483495289,0.7285067873303167,0.0343218520830082,2.595755851016846,2019-01-01,2024-01-31,2500,5000,2026-02-11,1
127.88646288209608,13.019388854476704,Mabroukeh Primary Center ,2.877500397669696,1428.5535829336388,0.5083223176575123,943.4462303048932,24.753130971924087,18.31309820371124,11.73374211744738,16.230718018469467,1300.6436394874363,7.109337993473396,596.1139240506329,18.15883166009449,39.23857898024582,32.16310327,36.2854687,0.6701982962273606,6.0970005011096,0.0604718792350549,3.1270784537137732,2019-01-01,2024-01-31,2500,5000,2026-02-11,1
159.77194438680226,12.717408463335031,Mafraq Comprehensive Center,2.3690995687170875,1391.2350418482397,0.4437437026058068,823.5883265749092,24.265528900287197,17.799546882886588,11.548120436952171,15.178301168983884,1231.4853012381543,7.938303660749965,698.890350877193,18.48332708151462,32.4653910853612,32.3457,36.2108,0.8252057826658367,32.02752991630352,0.0577963589407827,2.8276364847912654,2019-01-01,2024-01-31,2500,5000,2026-02-11,1
235.704989933851,11.639471425263,Mahes Primary Center,7.65334971954948,1369.653149266609,1.0892785531386997,2021.701062812088,24.012336361927495,18.01134359752911,12.37286493666448,14.087740868564854,1133.9651998849583,7.045169920016484,855.8813559322034,18.09088305353902,26.182582892610025,31.98333,35.76666,2.905665803853897,86.37604256542997,0.0862966954022988,1.6454230924756184,2019-01-01,2024-01-31,2500,5000,2026-02-11,0
223.45577991979172,10.824553939670574,Majra Primary Center,5.848943839257366,1350.0828818687116,0.7081728828311478,1314.368891252834,23.932730634794364,18.5693881014869,13.10817669512377,14.637613452473088,1126.6464504327023,6.737382949558735,945.1410256410256,18.05992946550799,18.641853957007548,31.025,35.6825,3.1155280377119543,114.87173714205304,0.0708732610626017,1.9967790543916832,2019-01-01,2024-01-31,2500,5000,2026-02-11,7
234.6310429019882,10.06349803692964,Manshiyeh Abu Hamour Primary Center,4.0568147578137985,1355.7290547610742,0.4972855121531385,922.9619213991408,23.249959985281063,18.225363483502775,13.186461948351427,14.640739448901291,1121.1010115102897,6.835484157048362,941.2532188841202,18.013415759125092,13.752699875045856,31.18194,35.73639,3.4253226369026857,122.9135681897454,0.0622409207630227,1.8176203876488704,2019-01-01,2024-01-31,2500,5000,2026-02-11,7
210.2510419560989,12.418498374717686,Manshiyet Bni Hasan Comprehensive Center,5.824365157192036,1350.3252292303418,0.7351116692110644,1364.3672744444818,24.476960942126517,18.082693260440195,12.058462567408872,14.224034454015005,1140.063350930814,8.591482100012337,815.4260089686098,18.12470544454997,32.963182320965444,32.37411139,36.08191448,1.4632536815782162,71.26722700750209,0.0754744118936294,2.5466685949419423,2019-01-01,2024-01-31,2500,5000,2026-02-11,5
224.754377397977,11.696628875830378,Marikh  Primary Center,4.551476945268347,1341.3617021276596,0.6250589872928376,1160.1094882986658,24.37166940506472,18.43695632740878,12.675040529234312,13.960837111963723,1116.5877921171957,7.260589452768361,853.5974576271188,18.271336453365738,30.09298074101247,31.93384738,35.93041853,2.2230205790024415,65.43027554935473,0.0660973037417461,2.320837540312596,2019-01-01,2024-01-31,2500,5000,2026-02-11,5
225.2463387978142,11.335664765076618,Marj AL Hamam CC,6.850911538865832,1359.2439344262295,0.9261846947669982,1718.9988195227745,24.401784397578364,18.58570396738176,13.066119632501742,14.054928961748637,1134.0111475409835,7.253692112285488,886.4152542372881,18.18953130387931,29.8377583512931,31.9157,35.8388,2.133406193078324,72.18746812386158,0.0838625478927203,1.9347109193998968,2019-01-01,2024-01-31,2500,5000,2026-02-11,0
229.25325767129047,10.072170763917985,Marj Primary Center,4.722079020280104,1355.3718649292418,0.5846155726502084,1085.0465190843977,23.241587810849452,18.214844843697247,13.169417046931477,14.543568726355614,1126.1272243239457,6.80406143847325,948.3304721030042,18.231681397131965,13.946870440981431,31.17670559,35.71185225,3.270351688384475,118.12911587501752,0.0671833554376657,1.7870660970747083,2019-01-01,2024-01-31,2500,5000,2026-02-11,7
212.51092896174865,12.058034781751962,Marka Comprehensive Center,3.936747726641203,1348.844262295082,0.5685369131857888,1055.2045128289406,24.647529245245096,18.58050683805311,12.58949446349311,14.277847282139774,1136.349582973828,7.681230908974953,763.1864406779662,18.08225190704401,33.847904094827584,31.9778,35.9802,1.931118780557952,47.9179608858211,0.0640005860556563,2.5182687630364535,2019-01-01,2024-01-31,2500,5000,2026-02-11,5
196.6590731672699,12.058034781751962,Marka Correctional Primary,4.222898472955217,1361.4759066070542,0.6034697098133368,1120.039785313046,24.647529245245096,18.58050683805311,12.58949446349311,14.609353488042014,1164.8352139663616,7.681230908974953,747.4303797468353,18.105544793299373,33.847904094827584,31.978,36.0188,1.438506848342914,37.704918032786885,0.0645432154052843,2.5182687630364535,2019-01-01,2024-01-31,2500,5000,2026-02-11,5
214.26616078459443,12.012973968854531,Marqab Primary Center,4.042351870557627,1351.4189276254565,0.5827814340591431,1081.64232684862,24.66373867513262,18.617152036599947,12.65076470627806,14.33843510630682,1137.2094638127282,7.639712398770287,805.3813559322033,18.055710189306954,33.847904094827584,31.94414454,35.9991302,1.819099434462023,50.59331376619657,0.0643398960999849,2.5402829381706074,2019-01-01,2024-01-31,2500,5000,2026-02-11,5
232.1599055293137,12.15147547335878,Marsa Primary Center,6.587725619138298,1376.5973881633788,0.9636239086167286,1788.4859897624035,24.9562835075924,18.73517699563523,12.804808034233568,14.431342039455402,1144.457627118644,7.918974062594506,635.8716814159293,17.44761394560929,37.37845262501826,32.14422275,35.8696747,1.8756599055293135,97.79369269241457,0.0760017898889538,1.979565446488413,2019-01-01,2024-01-31,2500,5000,2026-02-11,0
237.9506076879593,10.393231646767978,Merwd Primary Center,2.5663206721174308,1344.9879169022047,0.4135438304009109,767.5373661632494,23.13412801643898,17.987554899029192,12.74089636967102,14.56472583380441,1107.0643018654607,6.438956460185409,1102.255319148936,18.336260595877302,13.184939385775865,31.10274055,35.72196705,3.772470322215941,131.3089315997739,0.057878455707491,1.8834828961024577,2019-01-01,2024-01-31,2500,5000,2026-02-11,7
226.54133240320897,9.829923336311726,Mghayyer Comprehensive Center,6.4091775224563925,1360.2805022671782,0.7715763916360571,1432.0457555518306,23.77960231106511,18.857863513430303,13.949678974753365,14.55169863969306,1133.7149633763515,7.441870066623546,883.36,18.37098763068599,17.634908766278432,31.279,35.747,2.9182420648761767,108.91970701081269,0.0766186720469552,1.7429894245245574,2019-01-01,2024-01-31,2500,5000,2026-02-11,6
234.14543023992115,11.71192175628907,Mhyy Primary Center,5.877899259968376,1384.488777879406,0.9633778704594133,1788.0293314675214,24.276359105960555,18.558745837940613,12.564437349671485,15.278618166467314,1150.302399211989,6.853629810626361,991.6538461538462,18.390165279987414,22.24404257274863,30.98519243,35.85953564,2.662703159079715,113.09350594526136,0.0794708265502441,2.7805986576144335,2019-01-01,2024-01-31,2500,5000,2026-02-11,0
191.789104445558,9.43885456282517,Mlaih Comprehensive Center,6.4061338766172975,1389.883670985754,0.7772021803793427,1442.487200484965,23.417881337527604,18.714959789418344,13.979026774702447,15.051957906793614,1198.0468895411268,8.031207328006815,615.0635593220338,17.59252291635296,12.791359105603448,31.58487208,35.80631994,1.0346481494738349,69.64993915097716,0.0756004366812227,2.069103489704503,2019-01-01,2024-01-31,2500,5000,2026-02-11,6
236.19320340533312,10.661661350922907,Moaab Primary Center,4.819670892068756,1341.97502286639,0.5246833305757956,973.812263346289,23.52444758657277,18.243819838393268,12.862786235649851,14.574051924294658,1105.7979314711883,6.539121575849657,1128.6199095022628,18.030368714851264,15.343718776592794,31.03775451,35.72846029,3.581720959684795,129.4136354042074,0.0635197757880716,1.9718419297991927,2019-01-01,2024-01-31,2500,5000,2026-02-11,7
233.76267875828395,12.145997195408262,Mobes Primary Center,6.087434855927813,1372.6074642483434,0.800606497044259,1485.9256096080496,24.89185712748565,18.67330377759606,12.745859932077336,14.310149982560167,1138.800697593303,7.81914857009383,804.4285714285714,17.728698109638668,36.406175915948275,32.099059,35.88612257,2.3035228461806767,87.10701081269622,0.0750045854732208,1.9858011890304927,2019-01-01,2024-01-31,2500,5000,2026-02-11,5
154.2947316799776,12.752921947503983,Mshairfeh Comprehensive Center,1.68770878131573,1405.4024800336276,0.4720104480655784,876.0514058969726,25.294711144224163,18.96779178971305,12.541789196720195,15.460978001961609,1251.1246321984029,8.374890220216109,606.5316455696202,18.09123715185676,44.04314712160146,32.0795,36.1049,0.7908785203867171,19.553453832142353,0.0532737437371058,2.8369864822542015,2019-01-01,2024-01-31,2500,5000,2026-02-11,1
237.49350649350652,10.393231646767978,Muta Primary Center,5.505724384671166,1340.473280817543,0.6716290200169468,1246.5434625383134,23.13412801643898,17.987554899029192,12.74089636967102,14.329451422894047,1103.008445106806,6.438956460185409,1169.6211453744493,18.464196953369907,13.184939385775865,31.08914824,35.6939149,3.911858633170109,132.69129231424316,0.0717434505150022,1.8834828961024577,2019-01-01,2024-01-31,2500,5000,2026-02-11,7
178.31082257362542,12.06809511677972,Muwaqqar Comprehensive Center,1.980196241783885,1372.729943420862,0.6063496391330145,1125.3849040320954,24.631135945484573,18.6734546554498,12.563040828704857,14.820629624256492,1194.431452197882,7.569709681368749,879.156779661017,18.20047569947742,34.635064655172414,31.81473,36.10879,0.9184680110256782,36.64957202959525,0.0560297146780592,3.232601239056407,2019-01-01,2024-01-31,2500,5000,2026-02-11,1
229.44387329813836,11.287960002326184,Naour Comprehensive Center,7.270361352775057,1359.0561961656017,1.0060209520792556,1867.174904312251,24.447513784517845,18.64781868068524,13.159553782191672,14.00003473186996,1129.5521672686857,7.364292664400475,843.2262443438914,18.06466777469316,30.362383817029514,31.8744,35.8247,2.1747013059183105,80.63698249513754,0.0850060271770894,1.8211609560358668,2019-01-01,2024-01-31,2500,5000,2026-02-11,0
217.84073944890133,12.047463777812194,Naser Comprehensive Center,4.126075060824131,1350.1898848971048,0.583309803110488,1082.6229682595292,24.651331882973633,18.589103587940738,12.603868105161416,14.186096965469131,1132.3783048482735,7.671490908590455,796.4553571428571,17.94056153705062,33.847904094827584,31.9529,35.9685,1.955912103243809,54.01450994070457,0.0649853264856933,2.5234331601502737,2019-01-01,2024-01-31,2500,5000,2026-02-11,5
225.225692481628,11.65662405607108,Natheef  Primary Center,4.705968569064962,1340.2386941775012,0.6365521992075032,1181.440888074799,24.28982573369173,18.367541386095592,12.633201677620626,13.927049180327868,1114.993357829282,7.195769907905712,853.7,18.24719609282105,29.182620601404576,31.93694138,35.92594439,2.266110797060486,66.04649519502543,0.0667638971462544,2.265233867655416,2019-01-01,2024-01-31,2500,5000,2026-02-11,5
201.3274411974341,10.129399467658423,Natl Comprehensive Center,4.941049434827722,1375.3739130434783,0.6506977630698163,1207.6950708887275,24.31239367242698,19.26784158102102,14.182994204768564,14.745245901639343,1174.0195295794726,8.176810431873536,745.875,18.913243680893927,20.200080075196777,31.65095,35.86214,1.1413399857448323,71.7424091233072,0.0627553410794602,2.454272936005325,2019-01-01,2024-01-31,2500,5000,2026-02-11,6
231.06001299920564,12.54693545977178,North Badiyah Hospital,5.359520685305155,1367.539105943526,0.8894819265420217,1650.878458285871,25.32345679993874,18.758691419378938,12.77652134016694,14.4452155701596,1136.4520112659782,9.37433526231681,550.844537815126,18.348296541517925,42.60116420253874,32.51648304,36.04936547,1.93413735827255,98.99220047663754,0.0767364803281178,2.321998843299309,2019-01-01,2024-01-31,2500,5000,2026-02-11,5
218.84440122256183,12.041379965654524,North Hashmi Comprehensive Center,4.085147057549428,1346.9715198666297,0.5801050905453957,1076.6750343451872,24.621393733718584,18.560278343439045,12.580013768064031,14.094470686301747,1128.1446235065296,7.655495681480415,801.1746724890829,17.99629153957846,33.54104489333722,31.96934274,35.95491725,2.101903306474021,54.58946929702696,0.0647259460841613,2.50330811198977,2019-01-01,2024-01-31,2500,5000,2026-02-11,5
220.97756321200328,10.473903952461454,North Madaba Comprehensive Center,6.4364605778354695,1374.157543762156,0.9233000869468106,1713.644962738734,23.935013664758145,18.628791090746464,13.461109712296658,14.558821894970825,1153.210197277021,7.522760544291664,782.152466367713,18.188078540509935,18.71507586480859,31.7452,35.8003,1.8255765490414,81.46832453459292,0.0790450577147866,1.9812301465710505,2019-01-01,2024-01-31,2500,5000,2026-02-11,0
258.0556550489048,12.644452927458705,North Ramtha Primary Center,4.235031392393994,1378.1735776277724,0.8168420861749088,1516.0589291069316,25.707608453877203,19.06651665525135,13.063155526418493,14.61186113789778,1120.0830692932911,9.809508483380164,518.0893617021277,18.21383699923935,48.704732822008104,32.5694,36.0107,3.010056481609037,121.9771318363411,0.0666247102289191,2.248552507092757,2019-01-01,2024-01-31,2500,5000,2026-02-11,5
166.89330250805665,12.082879061408004,North Rusaifa Primary Center,4.198123736259266,1391.612512260053,0.5930941609235911,1100.7827802443287,24.652995918916503,18.57792692894855,12.570116857508475,15.11565783942833,1224.6660361496429,7.686766321399925,691.8151260504201,17.92304045092838,34.01946472977454,32.01778,36.04639,0.8955443463640186,22.211993834944657,0.0630111626878868,2.5411869336279027,2019-01-01,2024-01-31,2500,5000,2026-02-11,1
225.6235065295915,11.743675127912862,Nuzha Primary Center,4.803241315534559,1335.083842734093,0.6428280553575288,1193.0888694524856,24.15422146518215,18.198694002212573,12.410546337269269,13.827028341205892,1109.4573492636844,7.1954784900155415,850.7012987012988,18.082178761734728,28.055936666697104,31.9747744,35.9268997,2.683314809669353,63.54890247290913,0.0674495908825248,2.2358864745302953,2019-01-01,2024-01-31,2500,5000,2026-02-11,5
217.79619338705191,12.058034781751962,Ohud Comprehensive Center,4.12295737509,1349.4670741872742,0.5818299095509416,1079.8762872804102,24.647529245245096,18.58050683805311,12.58949446349311,14.164663795498749,1131.699222006113,7.681230908974953,791.0427350427351,17.934586156670072,33.847904094827584,31.963,35.966,1.9922895248680188,53.59398444012226,0.0650113237872589,2.5182687630364535,2019-01-01,2024-01-31,2500,5000,2026-02-11,5
12.407187343403251,,Old Town Primary Center,1.41771980595154e-05,1724.6475767771497,0.0601529147817578,111.64381091798582,,,,19.067664113393946,1712.261006514425,,110.94222222222224,13.668750952887368,,29.52262916,35.00626055,0.0163934426229508,0.0,0.021608191537419,,2019-01-01,2024-01-31,2500,5000,2026-02-11,3
144.84970193740688,11.13843792060326,Petra Comprehensive Center,0.0002338744648361,1315.4452309985095,0.3579798516902057,664.410602529788,22.812723641560012,17.237268358263236,11.674285720956732,14.041132637853952,1170.5903874813712,3.951411402910935,1290.4137931034484,19.47506786344044,8.461976023706896,30.32096,35.47895,0.770789865871833,38.51438152011922,0.0436814263322884,2.085571735875336,2019-01-01,2024-01-31,2500,5000,2026-02-11,7
167.00429522514136,12.087652634791697,Prince Faisal Bin Al-Hussein Hospital,4.170058079682063,1394.445343260076,0.5918388405741563,1098.452905511365,24.654046284163407,18.577431225889157,12.566393649371689,15.152308683513494,1227.401245615291,7.687829894092932,688.9399141630902,17.925089659642747,34.05242834522285,32.0328214,36.04676408,0.8875366883814159,23.29064356790035,0.0629046830296642,2.5455904249205825,2019-01-01,2024-01-31,2500,5000,2026-02-11,1
158.6695982551186,12.543087174805272,Prince Hamza Comprehensive Center,1.869515246076134,1401.4305213536904,0.4887038172570421,907.0342918266954,24.899635471245485,18.665310427523988,12.356548296440236,15.347695771476818,1242.7683810595934,7.947886288420968,635.3449781659389,18.087801030412905,38.811576426529896,32.0603,36.0839,0.8114402307746432,20.757897699289384,0.0539810566819594,2.8731540679089496,2019-01-01,2024-01-31,2500,5000,2026-02-11,1
223.30500246253428,11.87458162503922,Prince Hamzah Hospital,4.423531947729414,1334.9131780764087,0.6079865356371636,1128.4230189080622,24.359646024932665,18.357689535791284,12.48506439989342,13.871603461619644,1111.600788010976,7.397756825864513,831.8945147679325,18.135098231463665,30.4678434054499,31.98404,35.93776992,2.69246464504327,59.35741926405403,0.0660218107148142,2.353476870713217,2019-01-01,2024-01-31,2500,5000,2026-02-11,5
296.06736465077836,11.86844442647908,Prince Hashem Primary Center ,8.37398514226705,1342.1866648298665,1.3186544565593497,2447.422695612998,25.508401391914507,19.287316580267415,13.639956965435433,13.278344124535058,1046.1115856178535,9.722799637811764,605.6906779661017,18.437086317824544,45.739651131465514,32.26605592,35.71675713,5.81106212976994,242.86031133764985,0.0995001448855404,1.4533173370352883,2019-01-01,2024-01-31,2500,5000,2026-02-11,2
264.1617209656222,11.578426067717778,Prince Hussein Hospital,7.699146234536473,1326.4893823061495,1.0754248130170605,1995.9884621390704,25.061746073560084,19.07415960917322,13.483320005842304,13.251421456733764,1062.3329874801134,8.439821765954699,860.7948717948719,18.104692887931034,40.29714045790593,32.03598,35.73487,5.383827903437782,139.23324341149618,0.0862000763858577,1.4527572035756156,2019-01-01,2024-01-31,2500,5000,2026-02-11,2
164.8381583536798,12.165235205459314,Prince Talal Primary Center,3.726130104064941,1394.2818974537845,0.5723441134107874,1062.2706888076798,24.67111736057618,18.569374804725346,12.505882155116858,15.17243808859435,1229.4028601325426,7.705115624715042,680.4529147982062,17.95144780011922,34.58816998349229,32.02598422,36.05550276,0.8682943843739099,21.9204046041158,0.0611931401320616,2.617158231035301,2019-01-01,2024-01-31,2500,5000,2026-02-11,1
307.17206226752995,12.100579976137391,Princess Badea Hospital,8.370768230502344,1309.5221793635487,1.4200941444445054,2635.6947642020746,24.670960257130076,18.287961671072143,12.57038028099269,13.034825733572118,1002.3552830968454,8.90620705313389,612.6722689075631,17.67390438799442,32.13632598567444,32.5294743,35.8350089,5.87029893924783,276.8876567020251,0.0897407454361054,1.906435689701695,2019-01-01,2024-01-31,2500,5000,2026-02-11,2
226.29884323326948,11.581922698935603,Princess Basma Comprehensive Center,5.021573095610648,1337.5573770491803,0.6679390867551169,1239.6949488413677,24.006915059817857,18.1085617499713,12.424992360882236,13.84643389397488,1111.2410048967429,7.002820806204047,872.6094420600858,18.14899196708464,26.156902429467085,31.948391,35.91310395,2.4097650982896885,67.01376765311191,0.0678412822809374,2.124131123588823,2019-01-01,2024-01-31,2500,5000,2026-02-11,5
12.393654607122668,,Princess Basma Comprehensive Clinic,1.181708140346269e-05,1724.041195590729,0.0609785414878921,113.1761743107568,,,,19.04367580553986,1711.674109666479,,121.80616740088104,13.558162065249702,,29.52667,35.00778,0.0163934426229508,0.0,0.021658553804994,,2019-01-01,2024-01-31,2500,5000,2026-02-11,3
306.1542912246866,12.190721260917528,Princess Basma Hospital,8.220569394215817,1325.714836754374,1.3589459317071095,2522.203678678616,25.06412507294574,18.628070136485896,12.87340381202822,13.3533131285301,1019.5537952886071,9.334087539919182,557.2893617021275,17.68796082657201,37.623298126901624,32.55796,35.83910316,5.469210635073702,262.0818294530927,0.0905398797450014,1.9249910150310627,2019-01-01,2024-01-31,2500,5000,2026-02-11,2
307.139274204848,12.098978760458186,Princess Rahma Hospital,8.365315160180769,1309.3880481995236,1.4206200491668832,2636.6708437095926,24.669901341398397,18.287632163494525,12.570922580940222,13.032289477371446,1002.2545887627856,8.906578384610917,614.1344537815125,17.67495031705902,32.123887910311666,32.52862,35.83501836,5.879501190976601,277.05009107468123,0.0896906314470969,1.9057100889267231,2019-01-01,2024-01-31,2500,5000,2026-02-11,2
313.41431326629015,11.884932304250784,Princess Raya Hospital,7.417041494064973,1332.4494420719109,1.3053651131501718,2422.757681647457,25.9229987950161,19.594057168905863,14.038066490765289,13.543601046976168,1019.0863755338204,10.594343198579054,312.9170305676856,18.715734541391985,49.98469558189655,32.50272,35.69178098,3.660283785645406,338.0666069706571,0.0916106744421906,1.5821584237675284,2019-01-01,2024-01-31,2500,5000,2026-02-11,2
195.80624646693047,9.9513418674469,Princess Salma Hospital,6.03861105442047,1394.31995477671,0.7829614908530794,1453.1765470630774,24.23777866856807,19.237518067469697,14.28643680112117,15.15737704918033,1198.4663651780666,8.040856012804966,716.7627118644068,17.75522074260553,18.49827316810345,31.50684,35.79262013,1.0224703222159413,74.95548332391182,0.0731365190249702,2.007678100103294,2019-01-01,2024-01-31,2500,5000,2026-02-11,6
250.76870092299217,12.091472296879209,Qadisiyah Primary Center,6.51732920598583,1360.9398677503789,1.0470961525159723,1943.4104600406577,24.593336784428573,18.33990888294187,12.50186448754937,14.179625292740043,1110.1479542636723,8.243696795934795,636.6170212765957,18.30148302801724,32.07679283405172,32.27733862,35.90455681,2.633627221380356,130.41073150571702,0.0775454578383077,1.943269805793001,2019-01-01,2024-01-31,2500,5000,2026-02-11,0
266.6953374494358,12.22605915225465,Qafqafa Primary Center,5.236372074523529,1312.0223546944858,0.766405361813384,1422.4483571282635,24.501341401030555,18.152829387402033,12.275282248775918,13.344432616563765,1045.3598041302955,8.392008909757074,911.8865546218487,18.636281837774295,32.10234999510188,32.34851,35.93864,5.039812646370023,160.56461571215667,0.0723242274966412,2.1820038190869586,2019-01-01,2024-01-31,2500,5000,2026-02-11,5
221.47389991371872,9.77689195602357,Qaser Primary Center,6.202452536214862,1360.150417026172,0.7180003646695823,1332.6086667919446,23.824341599636966,18.92510935077491,14.047449643613373,14.580442910555076,1138.673712970952,7.517170822680662,865.2347826086958,17.753405225584167,18.106419117230036,31.31407,35.74393,2.6746476847857346,102.55184066724188,0.0734649122807017,1.70615475331005,2019-01-01,2024-01-31,2500,5000,2026-02-11,6
219.7704918032787,12.012579292804336,Qasr Al-Adel Primary Center,4.156488658020937,1349.146907760501,0.587973384898108,1091.2785803362312,24.6110026834561,18.561885523104475,12.598423390651735,14.110940688102442,1129.4002673608668,7.62224814942993,802.6455696202531,17.974625585041437,33.34283755503552,31.9503,35.9534,2.0173080982199396,56.60170266657286,0.0649881604262246,2.502459455438305,2019-01-01,2024-01-31,2500,5000,2026-02-11,5
190.2416186678482,12.14269367579756,Qatraneh Comprehansive Center,3.055885412671544,1388.169398907104,0.4617330056053024,856.9764524659045,24.454183961605224,18.56825600355523,12.31149028580768,15.335711120957024,1197.9313247673904,6.806438831898902,863.5299145299144,18.39544588769804,24.20518723060345,31.14635832,36.03291812,1.0128489144882586,58.676857185053905,0.0571557548928238,3.179018260131486,2019-01-01,2024-01-31,2500,5000,2026-02-11,1
126.51639344262294,11.200154883961371,Queen Rania Hospital,0.0002385263880049,1349.9829478922718,0.3476738621081625,645.2827055862928,23.234037887374775,17.63070192834212,12.03388300341338,14.799136416861826,1223.481337822014,4.33178818112356,1281.3593073593074,19.541963732489226,11.659815800107758,30.27094,35.45001971,0.6659836065573771,20.59572599531616,0.041939270320197,2.05125252672405,2019-01-01,2024-01-31,2500,5000,2026-02-11,7
219.66861324139873,12.007427014382928,Qusour Primary Center,4.205731915813659,1347.5993808485189,0.5906996609315339,1096.3385512390332,24.56811318446925,18.519039996049848,12.560686170086298,14.08096812777035,1127.9522971927108,7.603031161910004,806.9213973799127,17.965335063406464,32.91547355982684,31.96491363,35.95040334,2.082248645606135,56.0439738267783,0.0652170896847713,2.4728089306714227,2019-01-01,2024-01-31,2500,5000,2026-02-11,5
221.51754447157305,11.936058106041097,Qwaismeh Comprehensive Center,3.948591636089569,1347.446110917335,0.5808147651083926,1077.9922054916228,24.651168786333713,18.636291381548283,12.715110680292575,14.112228810603415,1125.9273805371467,7.560319285627373,837.8712446351932,18.209368494359865,33.47609634079237,31.935113,35.95315429,2.042134635507499,60.13833275200558,0.0635936353631694,2.540468945976972,2019-01-01,2024-01-31,2500,5000,2026-02-11,5
215.92167577413477,12.048235231748624,Raboah Primary Center,4.12830313658103,1350.6239316239316,0.5833771014824891,1082.747873791603,24.65105437292244,18.58847621171619,12.602819141173788,14.264978282191391,1134.7386857222923,7.672201717297015,793.2202643171805,17.938178154011933,33.847904094827584,31.9534304,35.98345681,1.9032506655457473,51.70470786044556,0.0650005526083112,2.523056271209028,2019-01-01,2024-01-31,2500,5000,2026-02-11,5
223.2858039762818,9.895693589901102,Rakeen Primary Center,6.680699535126381,1361.6136728287408,0.7967059485455776,1478.6862280102423,23.30065511506183,18.339779051693597,13.40496152516073,14.572772933379838,1138.325357516568,7.004748280843387,933.5042735042734,17.9154393915077,14.365680226293104,31.23263611,35.70529081,2.9572375305197065,109.315730728985,0.0780608033749082,1.7340687837018398,2019-01-01,2024-01-31,2500,5000,2026-02-11,7
105.14179627294382,10.503508220968293,Rama Primary Center,,1580.884825556957,,,27.603911988699377,22.2002542682479,17.100403767731077,21.35409836065574,1475.7937508757182,11.942040100457538,-201.37885462555067,,80.41820664787798,31.8188,35.6484,0.5834384195039932,4.2251646350007,,1.5100497767449883,2019-01-01,2024-01-31,2500,5000,2026-02-11,4
258.7084411849295,12.60503967127076,Ramtha Comprehensive Center,4.080091263118543,1378.7174288179465,0.7940693557785268,1473.7927338867485,25.572278597422713,18.959290876199333,12.967238926151934,14.49010641357492,1119.9689387402934,9.647254275064444,521.3347457627119,18.218624021665153,46.47354518772686,32.5608,36.0069,2.8474978429680764,124.6412136899626,0.0668954174228675,2.267606669419145,2019-01-01,2024-01-31,2500,5000,2026-02-11,5
258.5267254442761,12.597786617396505,Ramtha Primary Center,4.061170616069762,1378.816641410663,0.7917982710509742,1469.5775990614654,25.54737441962579,18.939558572213457,12.94958780222927,14.471366579418657,1120.2491389998625,9.617395323329337,522.1877729257643,18.221278643192193,46.062949218750006,32.559,36.0074,2.8075492492078804,124.7294393167103,0.067011826282237,2.271113125856622,2019-01-01,2024-01-31,2500,5000,2026-02-11,5
207.1334398444012,12.61580501105756,Rehab Comprehensive Center,5.082209127434229,1350.2189497082522,0.7030202137716745,1304.805535923544,24.586963403252835,18.19433941900997,11.971158392195266,14.244227563212004,1143.0564045568212,8.354676686934784,832.4159292035399,17.62689309865393,34.99529067431327,32.32341,36.09087,1.3321756043345374,62.44477632675743,0.0716366525423728,2.611243948493168,2019-01-01,2024-01-31,2500,5000,2026-02-11,5
228.2468085106383,9.759306431971131,Rubba Compreahnsive Center,6.4212153982608875,1355.771119637251,0.7517899338235247,1395.322105913,23.657905381301394,18.761728032004424,13.898598949330244,14.51926752703174,1127.4718521102195,7.397331049530584,863.8025751072961,18.13902648683969,17.102319280768526,31.2666,35.73333,3.0848971049877916,113.54216951517265,0.0753851797505502,1.6711240410965469,2019-01-01,2024-01-31,2500,5000,2026-02-11,6
208.75835367980463,12.088786252841125,Rumman Primary Center,7.019872062764268,1389.4763167073595,1.062692549888124,1972.3574107273523,25.030976157072985,18.812697176322256,12.94218990423185,14.762839204743637,1180.6615277293338,8.349353058690117,430.6708860759493,18.123953199513934,39.21064476338958,32.164,35.83405,1.1450296477153818,79.36449250087199,0.0787715517241379,1.7154959501018932,2019-01-01,2024-01-31,2500,5000,2026-02-11,0
201.15912568306013,11.866943556686929,Sahab Comprehensive Center,3.7765407117207848,1373.8845901639345,0.5728416204452514,1063.1940073317005,24.7162692349533,18.735909624483213,12.849325678266323,14.608437158469943,1172.7073224043716,7.505161671255166,844.1282051282051,18.653081411637935,33.847904094827584,31.87032,36.00479,1.1628415300546449,51.59781420765027,0.0605172413793103,2.611625172401661,2019-01-01,2024-01-31,2500,5000,2026-02-11,5
230.2856242118537,12.131618325807969,Salhob Primary Center,6.548692686944945,1381.595138013171,0.954867907314219,1772.234842257242,24.831514156549865,18.613187764201328,12.699895830741854,14.462014852178788,1151.305100182149,7.786900581729539,636.2109704641349,17.50759459963528,35.68293010195623,32.12435748,35.85641035,1.7047078604455654,94.31953201625332,0.0763198128499852,1.920337900564566,2019-01-01,2024-01-31,2500,5000,2026-02-11,0
173.76065573770495,9.3221741375115,Sarfa Primary Center,6.290005440407611,1407.396581792815,0.7405829789790701,1374.522040255702,25.679693791416764,20.9160380564684,16.357519653905285,15.371412626438786,1233.6333449598883,9.507925280138858,734.9955357142857,18.30148302801724,43.92439667209281,31.32964,35.65439,1.0396232996163235,53.330659225671425,0.076792920029347,1.4320435807054994,2019-01-01,2024-01-31,2500,5000,2026-02-11,6
233.0724799441925,11.796562708674854,Shafa Badran Primary Center,4.782872187837641,1334.707499128008,0.6320631567468035,1173.109230346963,24.249258095397753,18.269546044796957,12.452695386722878,13.921485873735609,1101.6198814091383,7.286825629066833,863.5569620253164,18.170847871194056,29.20449419364453,32.0517687,35.9289705,3.2399720962678753,74.58528078130448,0.0679314930300807,2.2535677294372083,2019-01-01,2024-01-31,2500,5000,2026-02-11,5
212.92129728195303,9.862533778712937,Shehabyyeh Primary Center,6.576800742706697,1369.1793343268755,0.7831539870340587,1453.5337925232202,23.523623676957794,18.570302283702137,13.66108989824486,14.576758214463132,1156.275778865943,7.216015782052625,831.8553191489361,18.16091864224138,17.074739297609717,31.21487375,35.6816733,2.517493435526222,97.42367468596976,0.0782369570085087,1.7063117541183217,2019-01-01,2024-01-31,2500,5000,2026-02-11,6
217.9454494064443,10.143758280523892,Smakiyyeh Primary Center,6.5340570869116945,1374.2364330130015,0.7836786981286674,1454.5076614657607,23.713264840224724,18.662390060260464,13.569506559700812,14.87474561899378,1156.33027133974,7.150230355098245,842.065502183406,17.79763241072756,16.136791487068965,31.30814337,35.79743166,2.2745901639344264,96.94742792538158,0.0786591483353151,1.9848649874184137,2019-01-01,2024-01-31,2500,5000,2026-02-11,6
237.84537189491016,10.396138117661982,Sool Primary Center,4.481647041687278,1338.318133008805,0.4977305670752796,923.7879580857362,23.13342756038868,17.985654436879436,12.73728944272671,14.471909227575344,1100.4475624597324,6.437940667364002,1172.75641025641,18.313513866275784,13.160877709258772,31.05719344,35.7283622,3.7205240174672487,132.39766626100652,0.0616553418159915,1.8873636081406953,2019-01-01,2024-01-31,2500,5000,2026-02-11,7
282.55702221275993,12.057641210369535,Souf Primary Center,8.36260563573796,1324.5237385565254,1.3567975310536171,2518.216178491134,24.53418374675872,18.293487892467176,12.476542536389184,13.164395713576042,1041.9822581789797,8.241944446213477,935.9159663865544,18.640541364615988,31.459161442006263,32.3035852,35.85952423,5.8593428429494,193.92122631466893,0.095667263770712,1.9114380908414983,2019-01-01,2024-01-31,2500,5000,2026-02-11,2
158.0701198512192,12.736902780029885,South Mafraq Primary Center,2.045572857896821,1393.5477338476376,0.4163237036276264,772.6968055116697,24.276409743136867,17.830807059112942,11.539506963106996,15.19453092712495,1235.5044772007163,7.851622829991936,702.017316017316,18.27171645220588,32.65558736371704,32.3341,36.2143,0.81099324975892,30.03691968590715,0.0554413575775137,2.8448361082812417,2019-01-01,2024-01-31,2500,5000,2026-02-11,1
237.63956187436528,10.393231646767978,South Mazar Comprehensive Center,5.550348138387225,1334.423690700711,0.633794633292519,1176.322850876942,23.13412801643898,17.987554899029192,12.74089636967102,14.25865370665893,1096.8478166255622,6.438956460185409,1215.4051724137933,18.459089290652653,13.184939385775865,31.06722,35.69486,3.923835775424344,133.60089946322356,0.070283891516631,1.8834828961024577,2019-01-01,2024-01-31,2500,5000,2026-02-11,7
243.0559058427911,11.648079759913704,Swaileh Comprehensive Center,6.658154108585455,1335.032856942693,0.9249214153004508,1716.654116932848,23.745850128878775,17.75085146463219,12.097770368965056,13.738006165055344,1091.9578254168418,6.695915276358464,934.5377777777776,18.6277846278183,22.63591201094164,32.02073,35.82395,3.760823875577974,94.03096539162114,0.082375478927203,1.729098377334143,2019-01-01,2024-01-31,2500,5000,2026-02-11,0
162.49726775956285,12.004291382610289,Swaqa Correctional Primary,4.352012261366233,1399.459296623231,0.5575778958124992,1034.8645745087886,24.526106718589283,18.70298214518302,12.521815335978964,15.516778758582037,1236.9807342020456,7.263189372983915,764.5450643776825,18.172812551807027,26.850080352702253,31.37872321,36.07613908,0.8463640184951658,35.89687543785904,0.061509910109048,3.3551082307951554,2019-01-01,2024-01-31,2500,5000,2026-02-11,1
220.59822172825787,11.97892440528914,Tabarbour  Comprehensive Center,3.968630940227185,1333.0151430953042,0.5712495986687934,1060.2392893693038,24.523385565494156,18.48442148863629,12.54446116020499,13.904223395387609,1112.389413726035,7.558988578375896,818.2324561403508,18.269796480037257,32.39032288774839,32.00306,35.94722,2.716171158655182,54.756321200333424,0.0639748319696084,2.447205670564705,2019-01-01,2024-01-31,2500,5000,2026-02-11,5
190.46989567809243,11.198165001988786,Tafilah Governmental Hospital,5.182909657738425,1354.994262295082,0.7130397065119309,1323.4016515271255,23.8925256975019,18.42734408211656,12.694360695513089,14.52365871833085,1164.5206408345753,5.763170043801272,1124.1379310344828,18.86412392853644,15.600091105015675,30.83752,35.60442,1.612593144560358,88.51222056631893,0.0655809169278996,2.0055820877976647,2019-01-01,2024-01-31,2500,5000,2026-02-11,7
195.4924337957125,11.198871735868783,Tafileh Compreahnsive Center,5.087017138799031,1349.6654056326188,0.6923542305445061,1285.0094113812174,23.887596061311967,18.422169102471173,12.68872432544316,14.479634300126104,1154.1809583858765,5.7565322875971106,1160.7155172413793,18.64965019893899,15.546421066810344,30.834557,35.61288517,1.8261874737284576,93.8053804119378,0.0648693081343943,2.0063872975618553,2019-01-01,2024-01-31,2500,5000,2026-02-11,7
233.76222123763105,10.106362857223113,Thaniyyeh Primary Center,3.7315073872471713,1354.2624427706394,0.4870309330321646,903.929430112756,23.23014364087017,18.19063909516002,13.123780783647067,14.600516910352974,1120.511741249446,6.765178771195414,952.344827586207,18.12596749767008,13.86572689742544,31.17416818,35.72478009,3.4324324324324325,122.96544085068676,0.0615389095992544,1.7973342186822814,2019-01-01,2024-01-31,2500,5000,2026-02-11,7
218.89249278829243,11.19616457935055,That Ras  Primary Center,6.402229781826167,1379.603391261521,0.8741512820444393,1622.42482517462,23.792346597857545,18.294195502388167,12.596182018507012,15.224759023429256,1160.6908464082178,6.620167965334031,998.2424242424242,18.189996768397588,16.6114526833284,30.99178331,35.77261524,2.335748962217688,98.47878702596216,0.0812721992008287,2.4879905660213404,2019-01-01,2024-01-31,2500,5000,2026-02-11,0
192.89969801553065,9.9513418674469,Theeban Comprehensive Center,6.144913064806086,1398.5125826862238,0.8096357058537634,1502.6838858508888,24.23777866856807,19.237518067469697,14.28643680112117,15.233779119930976,1205.5693126258268,8.040856012804966,718.2370689655172,17.475482308444874,18.49827316810345,31.4993473,35.78066357,1.0087000287604255,72.7073626689675,0.0738690071082879,2.007678100103294,2019-01-01,2024-01-31,2500,5000,2026-02-11,6
245.8337031999427,11.567883200107648,Tlaa Al-Ali Primary Center,5.955344822729518,1318.795332522013,0.7904401286200143,1467.056836338254,23.87465967154795,17.98042979472452,12.306776471440283,13.37878158780156,1072.9871859116615,6.918802487423835,1013.7596566523604,18.0677410275655,24.764621209625805,31.9935,35.8671,4.353067506621804,85.17617581788244,0.0757227827134467,2.0719469532283883,2019-01-01,2024-01-31,2500,5000,2026-02-11,0
198.61757817881252,12.458653482897528,Um Al-Naam Primary Center,5.48935742738868,1356.738393718143,0.6750329870636724,1252.8612250152055,24.462124985662,18.057755983560924,12.003471502764512,14.422420443587272,1158.1213665794185,8.590391654530094,778.6497890295359,17.901287953220084,33.06074353448276,32.36107,36.11305,1.1256371401019425,60.23274555723928,0.0713629201680672,2.598004084408846,2019-01-01,2024-01-31,2500,5000,2026-02-11,5
208.21028579718552,11.427475812451885,Um Nowara Primary Center,8.04062399189029,1389.551719135355,1.1281970201340397,2093.933724838568,24.16730116199425,18.28784640782602,12.73982534954236,14.621565356158424,1181.3802408240244,7.1069145215828655,785.3690987124463,17.994107278236573,27.25369289627518,31.93197,35.79683,1.5863919918758165,60.93486145364863,0.0941838953310955,1.7479880769024232,2019-01-01,2024-01-31,2500,5000,2026-02-11,0
224.33382373546303,11.431799080707034,Um Qsair Al-Mogabalen Comprehensive Center,4.941716340871958,1346.229928541404,0.6528005006476345,1211.5977567772916,24.35499985452043,18.509574798838127,12.923200773813363,14.015062351127924,1121.8404791929383,7.0816828018577525,910.134529147982,18.22747647960875,29.30659316976127,31.8913,35.91086,2.049600672551492,71.21948998178507,0.0650880489242558,2.178798513224518,2019-01-01,2024-01-31,2500,5000,2026-02-11,5
205.1003191643697,9.498501223982348,Umro  Primary Center,6.044632525570625,1380.4437110111703,0.7078335406505956,1313.7390590669077,24.43285943684073,19.635186002836846,14.93435821285839,14.866937472798492,1175.3315682576526,8.350686022141877,828.7234042553191,18.191768171155022,24.780754852713997,31.34882729,35.6807167,1.8833599303641375,86.05026838821993,0.0731995727799817,1.5744169226607323,2019-01-01,2024-01-31,2500,5000,2026-02-11,6
158.030772436788,12.509653255160549,Wadi Al-Hajar Comprehensive Center,1.7142757818860523,1401.5139622117254,0.4827771159046787,896.0343291106835,24.746902253932944,18.53360933780494,12.237248998772426,15.35965545984996,1243.4960405668244,7.781853448394981,650.6351931330472,18.09051732699262,36.9665275012785,32.0475,36.0872,0.8077243678799666,19.96783828841345,0.0535368571011104,2.934874491160674,2019-01-01,2024-01-31,2500,5000,2026-02-11,1
208.29413479052823,9.691429152981986,Wadi Al-Karak Primary Center,6.601467136806911,1376.3868123861564,0.8145043195618522,1511.7200058688222,24.67414145634094,19.75980216086619,14.98271230335897,14.71527868852459,1168.0759198542803,8.306156088292285,820.831168831169,18.493900053879308,31.053484105603445,31.20759149,35.66173666,2.3891438979963566,92.83883424408016,0.0785416666666666,1.5630854814673667,2019-01-01,2024-01-31,2500,5000,2026-02-11,6
234.55375018134345,11.642299427140731,Wadi Al-Ser Comprehensive Center,6.772189363969111,1363.9482083272885,0.9352219721912284,1735.7719680588516,23.75513434284959,17.767398797193668,12.112834915708836,14.122559117945745,1129.4640940084146,6.711980332688976,927.6,18.55748436069576,22.789343125381446,31.95498388,35.82713921,2.587987813724068,77.87523574640942,0.0868744278303326,1.7538098969330012,2019-01-01,2024-01-31,2500,5000,2026-02-11,0
261.67037219446985,12.588914856219832,West Ramtha Primary Center,3.936070562943879,1379.5822838246672,0.7715256595304595,1431.951632620012,25.516912227899937,18.915422492230732,12.92799737168009,14.411236192218391,1117.8706817702102,9.580872571206998,523.7857142857143,18.179861653886707,45.56071809789847,32.5565,36.0001,2.851403644550764,129.5219165552663,0.0663571111439988,2.2754021390955965,2019-01-01,2024-01-31,2500,5000,2026-02-11,5
184.19563804434176,11.62522080026824,West Thhaibeh Primary Center,4.394511551583916,1396.0631905827977,0.6230907001684416,1156.4563634014448,25.0444639107277,19.236853959368773,13.419243110459432,14.89763847764859,1211.9007005127464,7.977941526215261,778.0593220338982,18.259871016016636,36.01259563577586,31.80919856,36.02016767,0.9818011121542572,39.88676247562649,0.0608385234695427,2.7165341575948,2019-01-01,2024-01-31,2500,5000,2026-02-11,1
304.2731775374956,12.339785570968884,Yarmouk University Comprehensive Center,7.3523039127918,1318.3813044994768,1.2565685165689346,2332.191193474136,24.829151668044815,18.337186804906008,12.489366097075942,13.09643529822114,1014.097523543774,8.850733847372549,599.9264069264069,18.205181470102715,33.99444994382795,32.53766,35.85524,5.558423439134984,259.5028252528775,0.0852003851797505,2.014833182457379,2019-01-01,2024-01-31,2500,5000,2026-02-11,2
221.20488223924409,9.63059556895289,Yaroot Primary Center,6.006855367052504,1361.694752666619,0.6872856182302451,1275.602095002425,23.868636012899515,19.029874712023,14.238040443946602,14.540353640203309,1140.4552222779012,7.663496776011073,832.3632478632479,18.02907047602018,18.891853448275864,31.29864893,35.72371147,2.7045600973584367,104.00887679862552,0.0717159501581087,1.5950126354140768,2019-01-01,2024-01-31,2500,5000,2026-02-11,6
155.46663790624098,12.649882246491696,Zarqa Comprehensive Center,1.5683614538426984,1403.6200747771063,0.4725140829881032,876.9861462480803,25.03000056328228,18.75351237308876,12.380118316790613,15.420621225194132,1248.1622088006902,8.088077074848588,621.2103004291845,18.077073219147003,40.68895080677178,32.0665,36.1005,0.7989646246764451,19.609289617486333,0.0530238581367211,2.8997565452723206,2019-01-01,2024-01-31,2500,5000,2026-02-11,1
164.87051958877464,12.164780966375808,Zarqa Urban Development Primary Center,3.7287823224471786,1395.5274381772713,0.5724621965723522,1062.489851171818,24.67101741093495,18.56942197435809,12.506236444559132,15.18898999722145,1230.622603500973,7.705014418292414,679.0044843049327,17.951263287185856,34.58503326362507,32.03166702,36.05537433,0.8638510697415948,22.28341205890525,0.0612032437171244,2.6167392078658147,2019-01-01,2024-01-31,2500,5000,2026-02-11,1
227.13721660272063,11.516568029407884,Zuhoor Primary Center,4.874563225279464,1337.4567143355423,0.6427751206337138,1192.9906417571228,24.326992500519317,18.454041559564043,12.810424471111396,13.879009417509591,1110.2791768399024,7.117006781492405,897.0762711864407,18.42709375573185,29.208681217901688,31.92288229,35.91831834,2.2851063829787237,70.0240669689571,0.0675875825385179,2.221324835196153,2019-01-01,2024-01-31,2500,5000,2026-02-11,5
